Country Name,Country Code,Indicator Name,Indicator Code,1960,1961,1962,1963,1964,1965,1966,1967,1968,1969,1970,1971,1972,1973,1974,1975,1976,1977,1978,1979,1980,1981,1982,1983,1984,1985,1986,1987,1988,1989,1990,1991,1992,1993,1994,1995,1996,1997,1998,1999,2000,2001,2002,2003,2004,2005,2006,2007,2008,2009,2010,2011,2012,2013,2014,2015,2016,2017,2018,2019,2020,2021,Unnamed: 66
Bolivia,BOL,Adults (ages 15+) living with HIV,SH.DYN.AIDS,,,,,,,,,,,,,,,,,,,,,,,,,,,,,,,1100.0,1400.0,1700.0,2000.0,2500.0,3300.0,4400.0,5700.0,6700.0,7600.0,8100.0,8500.0,8800.0,9000.0,9300.0,9500.0,9700.0,9900.0,10000.0,10000.0,11000.0,11000.0,12000.0,12000.0,13000.0,13000.0,14000.0,15000.0,16000.0,16000.0,17000.0,,
Bolivia,BOL,Adults (ages 15-49) newly infected with HIV,SH.HIV.INCD,,,,,,,,,,,,,,,,,,,,,,,,,,,,,,,500.0,500.0,500.0,500.0,1000.0,1000.0,1200.0,1400.0,1300.0,1100.0,1000.0,1000.0,1000.0,1000.0,1000.0,1000.0,1000.0,1000.0,1000.0,1000.0,1000.0,1000.0,1000.0,1000.0,1000.0,1000.0,1000.0,1000.0,1000.0,1000.0,1000.0,,
Bolivia,BOL,Capital health expenditure (% of GDP),SH.XPD.KHEX.GD.ZS,,,,,,,,,,,,,,,,,,,,,,,,,,,,,,,,,,,,,,,,,0.47667357,0.45469925,0.50811672,0.26577613,0.63099253,0.50050497,0.55146682,0.57667035,0.49854699,0.61395139,0.43285498,0.47406825,0.52506632,0.68399805,0.79155195,0.97720146,0.96726048,0.59475273,0.77348596,0.81315786,,,
Bolivia,BOL,"Cause of death, by non-communicable diseases (% of total)",SH.DTH.NCOM.ZS,,,,,,,,,,,,,,,,,,,,,,,,,,,,,,,,,,,,,,,,,53.1977972353665,,,,,,,,,,64.6162738997523,,,,,70.2540013069343,,,,72.6759001252702,,,
Bolivia,BOL,Children (0-14) living with HIV,SH.HIV.0014,,,,,,,,,,,,,,,,,,,,,,,,,,,,,,,100.0,100.0,100.0,200.0,200.0,200.0,500.0,500.0,500.0,500.0,500.0,510.0,560.0,600.0,630.0,670.0,690.0,710.0,730.0,720.0,700.0,690.0,660.0,640.0,620.0,590.0,570.0,540.0,520.0,500.0,500.0,,
Bolivia,BOL,Children (ages 0-14) newly infected with HIV,SH.HIV.INCD.14,,,,,,,,,,,,,,,,,,,,,,,,,,,,,,,100.0,100.0,100.0,100.0,100.0,100.0,200.0,200.0,200.0,200.0,200.0,200.0,200.0,200.0,200.0,200.0,200.0,200.0,200.0,200.0,100.0,100.0,100.0,100.0,100.0,100.0,100.0,100.0,100.0,100.0,100.0,,
Bolivia,BOL,"Community health workers (per 1,000 people)",SH.MED.CMHW.P3,,,,,,,,,,,,,,,,,,,,,,,,,,,,,,,,,,,,,,,,,,0.118,,,,,,,,,,,,,,,,,,,,,
Bolivia,BOL,Domestic general government health expenditure (% of GDP),SH.XPD.GHED.GD.ZS,,,,,,,,,,,,,,,,,,,,,,,,,,,,,,,,,,,,,,,,,2.43201637,2.61401916,2.60214591,2.75486469,2.53551769,2.75369644,2.61106277,2.77554274,2.70188808,3.15830708,3.05729294,3.02061009,2.9963541,3.26242661,3.69240761,4.30645227,4.4294467,4.44758177,4.835742,4.93192387,,,
Bolivia,BOL,"Hospital beds (per 1,000 people)",SH.MED.BEDS.ZS,1.84541928768158,,,,,,,,,,2.32170009613037,,,,,2.05879998207092,,,,,,,,,,,,,,,1.317800045,1.4110000134,,1.3999999762,,,1.6699999571,,,,,,,1.0,1.0,,1.1,1.1,1.1,1.1,,1.07,1.1,1.12,1.15,1.13,1.27,1.29,,,,,
Bolivia,BOL,"Immunization, HepB3 (% of one-year-old children)",SH.IMM.HEPB,,,,,,,,,,,,,,,,,,,,,,,,,,,,,,,,,,,,,,,,,77.0,77.0,77.0,80.0,84.0,85.0,83.0,84.0,88.0,93.0,91.0,95.0,93.0,87.0,85.0,89.0,87.0,84.0,83.0,75.0,,,
Bolivia,BOL,"Immunization, measles (% of children ages 12-23 months)",SH.IMM.MEAS,,,,,,,,,,,,,,,,,,,,,13.0,17.0,15.0,13.0,20.0,21.0,55.0,57.0,58.0,59.0,53.0,54.0,57.0,57.0,64.0,58.0,61.0,51.0,65.0,79.0,84.0,88.0,91.0,96.0,90.0,89.0,88.0,86.0,92.0,93.0,88.0,96.0,92.0,87.0,89.0,95.0,94.0,83.0,89.0,79.0,,,
Bolivia,BOL,"Immunization, measles second dose (% of children by the nationally recommended age)",SH.IMM.MEA2,,,,,,,,,,,,,,,,,,,,,,,,,,,,,,,,,,,,,,,,,,,,,,,,,,,,,,,,,,,38.0,44.0,,,
Bolivia,BOL,Number of people spending more than 25% of household consumption or income on out-of-pocket health care expenditure,SH.UHC.OOPC.25.TO,,,,,,,,,,,,,,,,,,,,,,,,,,,,,,,,,,,,,,,,,,,,,,,,,,,,,,,,,,,,,,,
Bolivia,BOL,"Nurses and midwives (per 1,000 people)",SH.MED.NUMW.P3,,,,,,,,,,,,,,,,,,,,,,,,,,,,,,,,,,,,,,,,,,2.1085,,,,,,0.6084,,,0.8326,0.9928,,0.6961,,1.1914,1.1179,1.5589,,,,,
Bolivia,BOL,"Physicians (per 1,000 people)",SH.MED.PHYS.ZS,0.267,,,,,0.311,,,,,0.509,,,,,0.49,,,,,,0.523,,,0.697,,,,,,0.45,,,0.426,,0.34,,,,,,1.2038,,,,,,0.3316,,,0.4385,0.4671,,,,,1.5901,1.0299,,,,,
Bolivia,BOL,Prevalence of anemia among non-pregnant women (% of women ages 15-49),SH.ANM.NPRG.ZS,,,,,,,,,,,,,,,,,,,,,,,,,,,,,,,,,,,,,,,,,32.9,33.0,33.1,33.0,32.7,32.3,32.0,31.4,30.8,30.2,29.6,28.9,28.2,27.4,27.0,26.2,25.2,24.5,24.0,23.9,,,
Bolivia,BOL,Prevalence of anemia among pregnant women (%),SH.PRG.ANEM,,,,,,,,,,,,,,,,,,,,,,,,,,,,,,,,,,,,,,,,,35.3,35.6,36.0,36.1,36.2,36.3,36.3,36.2,36.3,36.2,36.1,35.9,35.7,35.5,35.8,35.4,34.5,34.2,33.8,33.7,,,
Bolivia,BOL,Prevalence of overweight (% of adults),SH.STA.OWAD.ZS,,,,,,,,,,,,,,,,27.5,28.1,28.7,29.3,30.0,30.6,31.3,32.1,32.8,33.6,34.4,35.2,36.0,36.8,37.6,38.4,39.3,40.0,40.8,41.6,42.4,43.1,43.8,44.5,45.2,45.9,46.6,47.3,47.9,48.6,49.2,49.9,50.5,51.2,51.8,52.4,53.1,53.7,54.3,54.9,55.5,56.1,,,,,,
Burundi,BDI,Adults (ages 15+) living with HIV,SH.DYN.AIDS,,,,,,,,,,,,,,,,,,,,,,,,,,,,,,,100000.0,110000.0,120000.0,130000.0,130000.0,130000.0,130000.0,120000.0,120000.0,110000.0,110000.0,100000.0,96000.0,91000.0,87000.0,84000.0,81000.0,79000.0,77000.0,76000.0,75000.0,74000.0,74000.0,74000.0,73000.0,73000.0,73000.0,73000.0,73000.0,73000.0,73000.0,,
Burundi,BDI,Adults (ages 15-49) newly infected with HIV,SH.HIV.INCD,,,,,,,,,,,,,,,,,,,,,,,,,,,,,,,20000.0,18000.0,17000.0,14000.0,11000.0,9600.0,7900.0,6900.0,5900.0,5000.0,4500.0,4000.0,3700.0,3300.0,3000.0,2700.0,2700.0,2500.0,2400.0,2400.0,2300.0,2100.0,1900.0,1800.0,1700.0,1600.0,1400.0,1200.0,1000.0,1000.0,1000.0,,
Burundi,BDI,Capital health expenditure (% of GDP),SH.XPD.KHEX.GD.ZS,,,,,,,,,,,,,,,,,,,,,,,,,,,,,,,,,,,,,,,,,,,,0.02578345,0.0635242,0.50329405,,,,0.10800392,0.42581847,0.45809051,0.50633711,0.82893938,0.09365734,0.09443317,0.28771222,,,,,,
Burundi,BDI,"Cause of death, by non-communicable diseases (% of total)",SH.DTH.NCOM.ZS,,,,,,,,,,,,,,,,,,,,,,,,,,,,,,,,,,,,,,,,,19.9317656386051,,,,,,,,,,29.7279796994411,,,,,33.59066288402,,,,36.7638905790271,,,
Burundi,BDI,Children (0-14) living with HIV,SH.HIV.0014,,,,,,,,,,,,,,,,,,,,,,,,,,,,,,,13000.0,16000.0,19000.0,21000.0,24000.0,26000.0,27000.0,29000.0,30000.0,31000.0,31000.0,31000.0,31000.0,30000.0,29000.0,28000.0,26000.0,25000.0,23000.0,22000.0,20000.0,19000.0,18000.0,16000.0,15000.0,14000.0,13000.0,12000.0,11000.0,10000.0,9700.0,,
Burundi,BDI,Children (ages 0-14) newly infected with HIV,SH.HIV.INCD.14,,,,,,,,,,,,,,,,,,,,,,,,,,,,,,,5900.0,6400.0,6800.0,6900.0,6800.0,6600.0,6300.0,5900.0,5600.0,5200.0,4900.0,4500.0,4200.0,3900.0,3600.0,3200.0,2900.0,2800.0,2500.0,2400.0,1900.0,1800.0,1700.0,1500.0,1300.0,1200.0,930.0,960.0,980.0,920.0,950.0,,
Burundi,BDI,"Community health workers (per 1,000 people)",SH.MED.CMHW.P3,,,,,,,,,,,,,,,,,,,,,,,,,,,,,,,,,,,,,,,,,,,,,0.072,,,,,,,,,,,,,,,,,,
Burundi,BDI,Domestic general government health expenditure (% of GDP),SH.XPD.GHED.GD.ZS,,,,,,,,,,,,,,,,,,,,,,,,,,,,,,,,,,,,,,,,,1.46507251,1.69244206,1.5355022,1.35508072,2.36819863,2.06247282,2.36401582,2.46383524,1.55912995,2.0807476,1.98528969,3.47108126,2.66949105,1.54086971,2.786798,2.41954613,1.91216838,2.04083753,2.28904033,2.66726708,,,
Burundi,BDI,"Hospital beds (per 1,000 people)",SH.MED.BEDS.ZS,1.12240731716156,,,,,,,,,,1.28059995174408,,,,,1.12320005893707,,,,,,,,,,,0.679199993610382,,,,,0.6631000042,,,,,,,,,,,,,,,0.7,,,,,1.9,,,0.79,,,,,,,,
Burundi,BDI,"Immunization, HepB3 (% of one-year-old children)",SH.IMM.HEPB,,,,,,,,,,,,,,,,,,,,,,,,,,,,,,,,,,,,,,,,,,,,,83.0,87.0,92.0,99.0,92.0,94.0,96.0,96.0,96.0,96.0,95.0,94.0,94.0,91.0,90.0,93.0,,,
Burundi,BDI,"Immunization, measles (% of children ages 12-23 months)",SH.IMM.MEAS,,,,,,,,,,,,,,,,,,,,,,28.0,40.0,54.0,27.0,32.0,59.0,54.0,46.0,73.0,74.0,74.0,69.0,69.0,42.0,80.0,79.0,77.0,68.0,70.0,72.0,73.0,75.0,76.0,78.0,87.0,92.0,88.0,84.0,91.0,92.0,93.0,93.0,98.0,94.0,93.0,93.0,90.0,88.0,92.0,,,
Burundi,BDI,"Immunization, measles second dose (% of children by the nationally recommended age)",SH.IMM.MEA2,,,,,,,,,,,,,,,,,,,,,,,,,,,,,,,,,,,,,,,,,,,,,,,,,,,,,,51.0,60.0,65.0,72.0,75.0,77.0,80.0,,,
Burundi,BDI,Number of people spending more than 25% of household consumption or income on out-of-pocket health care expenditure,SH.UHC.OOPC.25.TO,,,,,,,,,,,,,,,,,,,,,,,,,,,,,,,,,,,,,,,,,,,,,,,,,,,,,,,,,,,,,,,
Burundi,BDI,"Nurses and midwives (per 1,000 people)",SH.MED.NUMW.P3,,,,,,,,,,,,,,,,,,,,,,,,,,,,,,,,,,,,,,,,,,,,,0.189,,,,,,0.6885,0.6667,0.7032,0.6926,0.6951,0.666,,0.8526,,0.6628,,,
Burundi,BDI,"Physicians (per 1,000 people)",SH.MED.PHYS.ZS,0.01,,,,,0.017,,,,,0.017,,,,,0.012,,,,,,,,,0.047,,0.058,,,,0.058,0.059,,0.056,,0.055,,,,,0.052,,,,0.028,,,,,,0.0482,0.0399,0.0539,0.0581,0.0619,0.05,,0.1001,,,,,
Burundi,BDI,Prevalence of anemia among non-pregnant women (% of women ages 15-49),SH.ANM.NPRG.ZS,,,,,,,,,,,,,,,,,,,,,,,,,,,,,,,,,,,,,,,,,35.7,34.9,34.2,33.4,32.6,31.9,31.2,30.5,29.9,29.5,29.3,29.5,30.0,30.7,31.6,32.7,33.9,35.2,36.5,37.9,,,
Burundi,BDI,Prevalence of anemia among pregnant women (%),SH.PRG.ANEM,,,,,,,,,,,,,,,,,,,,,,,,,,,,,,,,,,,,,,,,,45.0,44.6,44.2,43.6,43.1,42.5,42.0,41.4,40.9,40.5,40.2,40.2,40.4,40.7,41.2,41.8,42.4,43.0,43.6,44.2,,,
Burundi,BDI,Prevalence of overweight (% of adults),SH.STA.OWAD.ZS,,,,,,,,,,,,,,,,7.5,7.7,7.9,8.2,8.4,8.6,8.9,9.1,9.4,9.7,10.0,10.2,10.5,10.8,11.1,11.5,11.8,12.1,12.5,12.8,13.2,13.5,13.9,14.2,14.6,14.9,15.3,15.7,16.1,16.5,16.9,17.3,17.7,18.2,18.6,19.1,19.6,20.1,20.6,21.1,21.6,22.2,,,,,,
Canada,CAN,Adults (ages 15+) living with HIV,SH.DYN.AIDS,,,,,,,,,,,,,,,,,,,,,,,,,,,,,,,,,,,,,,,,,,,,,,,,,,,,,,,,,,,,,,,
Canada,CAN,Adults (ages 15-49) newly infected with HIV,SH.HIV.INCD,,,,,,,,,,,,,,,,,,,,,,,,,,,,,,,,,,,,,,,,,,,,,,,,,,,,,,,,,,,,,,,
Canada,CAN,Capital health expenditure (% of GDP),SH.XPD.KHEX.GD.ZS,,,,,,,,,,,,,,,,,,,,,,,,,,,,,,,,,,,,,,,,,0.35852587,0.39393353,0.41326061,0.44643754,0.41250721,0.4640432,0.48383656,0.61307919,0.47915494,0.54793304,0.58610934,0.55770832,0.55659932,0.48322916,0.43591252,0.45552984,0.42354,0.38220248,0.38234833,0.39864108,,,
Canada,CAN,"Cause of death, by non-communicable diseases (% of total)",SH.DTH.NCOM.ZS,,,,,,,,,,,,,,,,,,,,,,,,,,,,,,,,,,,,,,,,,89.7698146205131,,,,,,,,,,88.7360795967705,,,,,88.6363987933695,,,,89.8086329490656,,,
Canada,CAN,Children (0-14) living with HIV,SH.HIV.0014,,,,,,,,,,,,,,,,,,,,,,,,,,,,,,,,,,,,,,,,,,,,,,,,,,,,,,,,,,,,,,,
Canada,CAN,Children (ages 0-14) newly infected with HIV,SH.HIV.INCD.14,,,,,,,,,,,,,,,,,,,,,,,,,,,,,,,,,,,,,,,,,,,,,,,,,,,,,,,,,,,,,,,
Canada,CAN,"Community health workers (per 1,000 people)",SH.MED.CMHW.P3,,,,,,,,,,,,,,,,,,,,,,,,,,,,,,,,,,,,,,,,,,,,,,,,,,,,,,,,,,,,,,,
Canada,CAN,Domestic general government health expenditure (% of GDP),SH.XPD.GHED.GD.ZS,,,,,,,,,,,,,,,,,,,,,,,,,,,,,,,,,,,,,,,,,6.00890827,6.27900791,6.41561842,6.59055614,6.62400055,6.59905815,6.4866991,6.57271051,6.70117044,7.52118206,7.47694063,7.30276871,7.4011817,7.3582077,7.23180246,7.58065939,7.67784119,7.56277943,7.58277988,7.60929585,,,
Canada,CAN,"Hospital beds (per 1,000 people)",SH.MED.BEDS.ZS,6.19999980926514,,,,,,,,,,7.0,,,,,,6.90000009536743,6.90000009536743,6.90000009536743,6.80000019073486,6.80000019073486,6.90000009536743,6.80000019073486,6.80000019073486,6.80000019073486,6.80000019073486,6.69999980926514,6.59999990463257,6.5,6.30000019073486,6.0,5.8000001907,5.5,5.4000000954,,5.0,4.5999999046,4.4000000954,4.1999998093,3.9000000954,3.77,3.69,3.64,3.5,3.44,3.1,3.02,2.96,2.85,2.8,2.78,2.8,2.79,2.72,2.67,2.62,2.6,2.53,2.55,2.52,,,
Canada,CAN,"Immunization, HepB3 (% of one-year-old children)",SH.IMM.HEPB,,,,,,,,,,,,,,,,,,,,,,,,,,,,,,,,,,,,,,,,,,,,14.0,14.0,14.0,14.0,14.0,28.0,42.0,56.0,70.0,70.0,55.0,55.0,69.0,70.0,71.0,71.0,74.0,,,
Canada,CAN,"Immunization, measles (% of children ages 12-23 months)",SH.IMM.MEAS,,,,,,,,,,,,,,,,,,,,,,,,,,,,70.0,85.0,87.0,89.0,92.0,94.0,96.0,97.0,96.0,97.0,96.0,96.0,96.0,96.0,95.0,95.0,95.0,94.0,94.0,93.0,94.0,93.0,91.0,90.0,88.0,89.0,90.0,90.0,89.0,89.0,90.0,90.0,90.0,,,
Canada,CAN,"Immunization, measles second dose (% of children by the nationally recommended age)",SH.IMM.MEA2,,,,,,,,,,,,,,,,,,,,,,,,,,,,,,,,,,,,,,,,,,,,,,,,,,,,,83.0,86.0,86.0,86.0,86.0,87.0,87.0,87.0,,,
Canada,CAN,Number of people spending more than 25% of household consumption or income on out-of-pocket health care expenditure,SH.UHC.OOPC.25.TO,,,,,,,,,,,,,,,,,,,,,,,,,,,,,,,,,,,,,,,,,,,,,,,,,,,,,,,,,,,,,,,
Canada,CAN,"Nurses and midwives (per 1,000 people)",SH.MED.NUMW.P3,,,,,,,,,,,,,,,,,,,,,,,,,,,,,,,,,,,,,,,10.1846,,,10.0115,9.4707,,9.9067,9.9467,10.0236,10.1208,10.289,10.3743,9.3233,9.2368,9.3473,9.4788,9.7475,9.8188,9.9194,9.9491,9.9874,11.812,,,
Canada,CAN,"Physicians (per 1,000 people)",SH.MED.PHYS.ZS,,1.1,1.2,1.3,1.3,1.3,1.3,1.3,1.3,1.4,1.4,1.5,1.6,1.6,1.6,1.7,1.7,1.7,1.8,1.8,1.8,1.8,1.9,1.9,1.9,2.0,2.0,2.1,2.1,2.1,2.1,2.1,2.1,2.2,2.1,2.1,2.1,2.1,1.8611,2.1,,1.8871,1.8969,,1.8971,,1.9086,,1.959,,2.0384,,2.3962,2.4509,2.4961,2.5388,2.3105,2.6102,2.4251,2.4425,,,
Canada,CAN,Prevalence of anemia among non-pregnant women (% of women ages 15-49),SH.ANM.NPRG.ZS,,,,,,,,,,,,,,,,,,,,,,,,,,,,,,,,,,,,,,,,,9.1,8.9,8.7,8.7,8.6,8.6,8.5,8.5,8.5,8.5,8.5,8.6,8.7,8.8,8.9,9.1,9.3,9.5,9.8,10.2,,,
Canada,CAN,Prevalence of anemia among pregnant women (%),SH.PRG.ANEM,,,,,,,,,,,,,,,,,,,,,,,,,,,,,,,,,,,,,,,,,15.7,15.3,15.1,14.9,14.8,14.7,14.6,14.6,14.6,14.6,14.6,14.6,14.7,14.8,15.0,15.2,15.4,15.5,15.7,16.0,,,
Canada,CAN,Prevalence of overweight (% of adults),SH.STA.OWAD.ZS,,,,,,,,,,,,,,,,40.0,40.6,41.2,41.8,42.3,42.9,43.5,44.1,44.7,45.3,45.9,46.5,47.2,47.8,48.4,49.1,49.7,50.3,51.0,51.6,52.3,53.0,53.6,54.3,55.0,55.6,56.3,56.9,57.5,58.1,58.6,59.2,59.7,60.2,60.7,61.2,61.7,62.2,62.7,63.2,63.7,64.1,,,,,,
Chad,TCD,Adults (ages 15+) living with HIV,SH.DYN.AIDS,,,,,,,,,,,,,,,,,,,,,,,,,,,,,,,26000.0,33000.0,41000.0,48000.0,56000.0,62000.0,68000.0,73000.0,76000.0,79000.0,82000.0,83000.0,84000.0,85000.0,85000.0,85000.0,84000.0,85000.0,86000.0,87000.0,90000.0,92000.0,94000.0,96000.0,97000.0,98000.0,99000.0,100000.0,100000.0,100000.0,100000.0,,
Chad,TCD,Adults (ages 15-49) newly infected with HIV,SH.HIV.INCD,,,,,,,,,,,,,,,,,,,,,,,,,,,,,,,6200.0,7500.0,8500.0,8600.0,8700.0,8400.0,8400.0,8000.0,7200.0,7100.0,6500.0,6400.0,6100.0,5800.0,5800.0,5600.0,5300.0,5100.0,5100.0,4600.0,4300.0,4000.0,4000.0,3900.0,3700.0,3400.0,3000.0,3000.0,3000.0,2700.0,2400.0,,
Chad,TCD,Capital health expenditure (% of GDP),SH.XPD.KHEX.GD.ZS,,,,,,,,,,,,,,,,,,,,,,,,,,,,,,,,,,,,,,,,,,,,,,,,,,,,0.76795876,,,,,,,,,,,
Chad,TCD,"Cause of death, by non-communicable diseases (% of total)",SH.DTH.NCOM.ZS,,,,,,,,,,,,,,,,,,,,,,,,,,,,,,,,,,,,,,,,,19.535418424743,,,,,,,,,,23.2731350349084,,,,,25.5950533243489,,,,26.9854526457781,,,
Chad,TCD,Children (0-14) living with HIV,SH.HIV.0014,,,,,,,,,,,,,,,,,,,,,,,,,,,,,,,2600.0,3500.0,4500.0,5600.0,6700.0,7900.0,9100.0,10000.0,12000.0,13000.0,14000.0,15000.0,16000.0,17000.0,17000.0,18000.0,18000.0,18000.0,18000.0,18000.0,17000.0,17000.0,17000.0,16000.0,15000.0,14000.0,14000.0,13000.0,12000.0,11000.0,11000.0,,
Chad,TCD,Children (ages 0-14) newly infected with HIV,SH.HIV.INCD.14,,,,,,,,,,,,,,,,,,,,,,,,,,,,,,,1400.0,1800.0,2100.0,2400.0,2700.0,3000.0,3200.0,3400.0,3500.0,3600.0,3600.0,3700.0,3700.0,3600.0,3600.0,3500.0,3300.0,3200.0,3100.0,2900.0,2600.0,2500.0,2300.0,1800.0,1300.0,1700.0,1700.0,1600.0,1300.0,1100.0,1000.0,,
Chad,TCD,"Community health workers (per 1,000 people)",SH.MED.CMHW.P3,,,,,,,,,,,,,,,,,,,,,,,,,,,,,,,,,,,,,,,,,,,,,0.016,,,,,,,,,,,,,,,,,,
Chad,TCD,Domestic general government health expenditure (% of GDP),SH.XPD.GHED.GD.ZS,,,,,,,,,,,,,,,,,,,,,,,,,,,,,,,,,,,,,,,,,2.07557535,1.845644,2.09626651,1.73737049,1.91801751,1.42997229,0.99539059,1.02279294,0.7953034,0.92613435,0.85190225,0.83746195,0.95546544,1.13619936,1.23446512,0.96198434,0.82245696,0.69614929,0.69780171,0.75380653,,,
Chad,TCD,"Hospital beds (per 1,000 people)",SH.MED.BEDS.ZS,0.697454333305359,,,,,,,,,,1.30999994277954,,,,,,,,,,,,,,,,,,,,,0.7200999856,,,,,,,,,,,,,,0.4,,,,,,,,,,,,,,,,,
Chad,TCD,"Immunization, HepB3 (% of one-year-old children)",SH.IMM.HEPB,,,,,,,,,,,,,,,,,,,,,,,,,,,,,,,,,,,,,,,,,,,,,,,,,17.0,24.0,39.0,33.0,40.0,39.0,36.0,42.0,41.0,41.0,46.0,50.0,,,
Chad,TCD,"Immunization, measles (% of children ages 12-23 months)",SH.IMM.MEAS,,,,,,,,,,,,,,,,,,,,,,,,,10.0,7.0,12.0,16.0,17.0,32.0,32.0,28.0,25.0,19.0,24.0,26.0,22.0,30.0,20.0,30.0,28.0,26.0,25.0,23.0,16.0,27.0,39.0,31.0,27.0,36.0,46.0,54.0,63.0,57.0,45.0,46.0,37.0,37.0,42.0,41.0,,,
Chad,TCD,"Immunization, measles second dose (% of children by the nationally recommended age)",SH.IMM.MEA2,,,,,,,,,,,,,,,,,,,,,,,,,,,,,,,,,,,,,,,,,,,,,,,,,,,,,,,,,,,,,,,
Chad,TCD,Number of people spending more than 25% of household consumption or income on out-of-pocket health care expenditure,SH.UHC.OOPC.25.TO,,,,,,,,,,,,,,,,,,,,,,,,,,,,,,,,,,,,,,,,,,,,,,,,,,,,,,,,,,,,,,,
Chad,TCD,"Nurses and midwives (per 1,000 people)",SH.MED.NUMW.P3,,,,,,,,,,,,,,,,,,,,,,,,,,,,,,,,,,,,,,0.0478,0.0561,0.0596,0.1246,,,,0.2567,,0.1808,,,,,,0.2782,0.3383,0.2639,0.2525,0.2133,0.2322,,0.1377,,,
Chad,TCD,"Physicians (per 1,000 people)",SH.MED.PHYS.ZS,0.014,,,,,0.014,,,,,0.016,,,,,,,,0.021,,,,,,,,0.026,,,0.026,,,,,0.033,,,0.026,0.0201,0.0288,0.0281,,,,0.0354,,0.0352,,,,,,0.0413,0.0433,0.0445,0.0493,0.0371,0.0434,,0.0542,,,
Chad,TCD,Prevalence of anemia among non-pregnant women (% of women ages 15-49),SH.ANM.NPRG.ZS,,,,,,,,,,,,,,,,,,,,,,,,,,,,,,,,,,,,,,,,,51.9,52.0,52.1,52.2,52.1,52.0,51.8,51.5,51.1,50.6,50.1,49.5,49.0,48.5,48.0,47.4,46.9,46.4,45.9,45.5,,,
Chad,TCD,Prevalence of anemia among pregnant women (%),SH.PRG.ANEM,,,,,,,,,,,,,,,,,,,,,,,,,,,,,,,,,,,,,,,,,54.9,54.8,54.7,54.5,54.3,54.0,53.7,53.3,52.8,52.3,51.8,51.2,50.6,50.0,49.3,48.6,47.8,47.0,46.2,45.3,,,
Chad,TCD,Prevalence of overweight (% of adults),SH.STA.OWAD.ZS,,,,,,,,,,,,,,,,8.0,8.2,8.5,8.8,9.1,9.5,9.8,10.1,10.4,10.7,11.0,11.3,11.6,11.9,12.2,12.6,12.9,13.2,13.6,13.9,14.3,14.6,15.0,15.3,15.7,16.1,16.5,16.9,17.3,17.7,18.1,18.5,18.9,19.3,19.8,20.2,20.7,21.1,21.6,22.1,22.6,23.1,,,,,,
Indonesia,IDN,Adults (ages 15+) living with HIV,SH.DYN.AIDS,,,,,,,,,,,,,,,,,,,,,,,,,,,,,,,200.0,500.0,700.0,1300.0,2400.0,4300.0,7400.0,12000.0,18000.0,26000.0,38000.0,58000.0,90000.0,130000.0,160000.0,200000.0,240000.0,280000.0,320000.0,350000.0,390000.0,420000.0,440000.0,470000.0,480000.0,500000.0,510000.0,510000.0,520000.0,520000.0,520000.0,,
Indonesia,IDN,Adults (ages 15-49) newly infected with HIV,SH.HIV.INCD,,,,,,,,,,,,,,,,,,,,,,,,,,,,,,,100.0,200.0,500.0,1000.0,1100.0,1900.0,3100.0,4600.0,6400.0,8500.0,12000.0,21000.0,34000.0,39000.0,40000.0,43000.0,46000.0,46000.0,45000.0,45000.0,45000.0,44000.0,43000.0,40000.0,37000.0,34000.0,31000.0,30000.0,28000.0,26000.0,24000.0,,
Indonesia,IDN,Capital health expenditure (% of GDP),SH.XPD.KHEX.GD.ZS,,,,,,,,,,,,,,,,,,,,,,,,,,,,,,,,,,,,,,,,,,0.22897471,0.24224289,0.44289514,0.39647394,0.19221886,0.74896973,1.14058006,1.5462302,0.35963088,0.09928948,0.10745579,0.11114662,0.14210127,0.10707583,0.18466645,0.19835544,0.21494839,0.19273698,0.19167218,,,
Indonesia,IDN,"Cause of death, by non-communicable diseases (% of total)",SH.DTH.NCOM.ZS,,,,,,,,,,,,,,,,,,,,,,,,,,,,,,,,,,,,,,,,,60.5310370938515,,,,,,,,,,69.0694680236578,,,,,73.0713752539611,,,,76.3264256879934,,,
Indonesia,IDN,Children (0-14) living with HIV,SH.HIV.0014,,,,,,,,,,,,,,,,,,,,,,,,,,,,,,,100.0,100.0,100.0,100.0,100.0,100.0,100.0,200.0,200.0,500.0,500.0,600.0,920.0,1400.0,2000.0,2700.0,3600.0,4500.0,5600.0,6700.0,8000.0,9300.0,11000.0,12000.0,13000.0,14000.0,15000.0,16000.0,17000.0,17000.0,18000.0,,
Indonesia,IDN,Children (ages 0-14) newly infected with HIV,SH.HIV.INCD.14,,,,,,,,,,,,,,,,,,,,,,,,,,,,,,,100.0,100.0,100.0,100.0,100.0,100.0,100.0,100.0,200.0,200.0,500.0,500.0,600.0,890.0,1200.0,1500.0,1900.0,2200.0,2500.0,2800.0,3100.0,3400.0,3500.0,3600.0,3700.0,3700.0,3600.0,3500.0,3400.0,3300.0,3200.0,,
Indonesia,IDN,"Community health workers (per 1,000 people)",SH.MED.CMHW.P3,,,,,,,,,,,,,,,,,,,,,,,,,,,,,,,,,,,,,,,,,,,,,,,,,,,,,,,,0.0,,,,,,,
Indonesia,IDN,Domestic general government health expenditure (% of GDP),SH.XPD.GHED.GD.ZS,,,,,,,,,,,,,,,,,,,,,,,,,,,,,,,,,,,,,,,,,0.5497337,0.77221423,0.67425042,0.81785041,0.74926209,0.73213077,0.83084285,1.01869869,0.89791238,0.92164314,0.66109073,0.70177156,0.76724905,0.81686825,0.99250942,1.15799761,1.37558305,1.34984493,1.395854,1.42157829,,,
Indonesia,IDN,"Hospital beds (per 1,000 people)",SH.MED.BEDS.ZS,0.740457057952881,,,,,,,,,,0.654600024223328,,,,,0.818300008773804,,,,,,,,,,0.556800007820129,,,,0.702600002288818,0.665199995,0.6686000228,0.6650000215,0.6575999856,0.6600999832,,,,0.6,,,,0.6,,,,,,,0.59,0.57,0.62,0.83,0.99,0.94,0.98,0.99,1.04,,,,,
Indonesia,IDN,"Immunization, HepB3 (% of one-year-old children)",SH.IMM.HEPB,,,,,,,,,,,,,,,,,,,,,,,,,,,,,,,,,28.0,43.0,42.0,50.0,62.0,65.0,76.0,77.0,65.0,62.0,63.0,64.0,64.0,65.0,66.0,76.0,82.0,82.0,83.0,81.0,86.0,92.0,88.0,84.0,84.0,85.0,85.0,85.0,,,
Indonesia,IDN,"Immunization, measles (% of children ages 12-23 months)",SH.IMM.MEAS,,,,,,,,,,,,,,,,,,,,,,,,6.0,13.0,26.0,45.0,48.0,51.0,54.0,58.0,61.0,65.0,68.0,66.0,63.0,79.0,77.0,77.0,77.0,76.0,76.0,72.0,74.0,76.0,77.0,79.0,76.0,76.0,74.0,78.0,80.0,82.0,87.0,86.0,87.0,88.0,90.0,89.0,88.0,,,
Indonesia,IDN,"Immunization, measles second dose (% of children by the nationally recommended age)",SH.IMM.MEA2,,,,,,,,,,,,,,,,,,,,,,,,,,,,,,,,,,,,,,,,,,,,21.0,29.0,23.0,50.0,73.0,66.0,67.0,74.0,76.0,78.0,76.0,28.0,31.0,55.0,63.0,67.0,71.0,,,
Indonesia,IDN,Number of people spending more than 25% of household consumption or income on out-of-pocket health care expenditure,SH.UHC.OOPC.25.TO,,,,,,,,,,,,,,,,,,,,,,,,,,,,,,,,,,,,,,,,,,,,,,,,,,,,,,,,,,,,,,,
Indonesia,IDN,"Nurses and midwives (per 1,000 people)",SH.MED.NUMW.P3,,,,,,,,,,,,,,,,,,,,,,,,,,,,,,,,,0.6265,,,,,,,,,,,0.8168,,,,,,,,,,,,1.299,,2.0532,,3.807,,,
Indonesia,IDN,"Physicians (per 1,000 people)",SH.MED.PHYS.ZS,0.021,,,,,0.032,,,,,0.037,,,,,0.037,,,,0.085,,0.08,,0.106,,,,,,0.142,0.144,0.148,,0.058,,,,,,,,,,0.1339,,,,,,0.2635,0.243,,0.2007,0.3121,,0.2738,,0.3767,0.4269,0.4651,,,
Indonesia,IDN,Prevalence of anemia among non-pregnant women (% of women ages 15-49),SH.ANM.NPRG.ZS,,,,,,,,,,,,,,,,,,,,,,,,,,,,,,,,,,,,,,,,,32.7,31.9,31.1,30.3,29.6,28.9,28.2,27.6,27.1,26.6,26.3,26.2,26.3,26.6,27.0,27.6,28.3,29.0,29.8,30.6,,,
Indonesia,IDN,Prevalence of anemia among pregnant women (%),SH.PRG.ANEM,,,,,,,,,,,,,,,,,,,,,,,,,,,,,,,,,,,,,,,,,43.4,42.9,42.5,42.1,41.7,41.3,40.9,40.6,40.4,40.2,40.2,40.3,40.6,41.0,41.5,42.1,42.7,43.2,43.7,44.2,,,
Indonesia,IDN,Prevalence of overweight (% of adults),SH.STA.OWAD.ZS,,,,,,,,,,,,,,,,6.4,6.6,6.9,7.1,7.3,7.6,7.9,8.2,8.5,8.8,9.1,9.5,9.9,10.2,10.7,11.1,11.5,12.0,12.5,13.0,13.5,14.0,14.6,15.2,15.8,16.5,17.1,17.8,18.4,19.1,19.8,20.5,21.2,21.9,22.7,23.4,24.2,24.9,25.7,26.5,27.4,28.2,,,,,,
Mexico,MEX,Adults (ages 15+) living with HIV,SH.DYN.AIDS,,,,,,,,,,,,,,,,,,,,,,,,,,,,,,,58000.0,64000.0,72000.0,80000.0,88000.0,97000.0,110000.0,120000.0,130000.0,140000.0,140000.0,150000.0,160000.0,170000.0,180000.0,190000.0,190000.0,200000.0,210000.0,220000.0,230000.0,240000.0,250000.0,260000.0,270000.0,280000.0,290000.0,300000.0,320000.0,330000.0,340000.0,,
Mexico,MEX,Adults (ages 15-49) newly infected with HIV,SH.HIV.INCD,,,,,,,,,,,,,,,,,,,,,,,,,,,,,,,8800.0,9500.0,10000.0,11000.0,12000.0,13000.0,14000.0,14000.0,15000.0,15000.0,15000.0,15000.0,15000.0,15000.0,14000.0,14000.0,14000.0,13000.0,13000.0,14000.0,14000.0,16000.0,17000.0,18000.0,17000.0,17000.0,18000.0,18000.0,18000.0,18000.0,18000.0,,
Mexico,MEX,Capital health expenditure (% of GDP),SH.XPD.KHEX.GD.ZS,,,,,,,,,,,,,,,,,,,,,,,,,,,,,,,,,,,,,,,,,,,0.03862351,0.07476646,0.06094366,0.12093282,0.11649629,0.09540497,0.12782037,0.22113964,0.19516744,0.11883423,0.1054229,0.08809453,0.0933276,0.07663224,0.08285465,0.07024645,0.08476871,0.06373785,,,
Mexico,MEX,"Cause of death, by non-communicable diseases (% of total)",SH.DTH.NCOM.ZS,,,,,,,,,,,,,,,,,,,,,,,,,,,,,,,,,,,,,,,,,70.155572012689,,,,,,,,,,76.0637841319078,,,,,79.8132340601764,,,,80.4103092072542,,,
Mexico,MEX,Children (0-14) living with HIV,SH.HIV.0014,,,,,,,,,,,,,,,,,,,,,,,,,,,,,,,730.0,800.0,900.0,990.0,1100.0,1200.0,1300.0,1400.0,1500.0,1600.0,1600.0,1700.0,1800.0,1800.0,1900.0,1900.0,2200.0,2400.0,2400.0,2500.0,2500.0,2500.0,2500.0,2500.0,2400.0,2400.0,2300.0,2300.0,2300.0,2300.0,2300.0,,
Mexico,MEX,Children (ages 0-14) newly infected with HIV,SH.HIV.INCD.14,,,,,,,,,,,,,,,,,,,,,,,,,,,,,,,500.0,500.0,500.0,500.0,500.0,500.0,500.0,500.0,500.0,500.0,500.0,500.0,500.0,500.0,500.0,500.0,700.0,620.0,550.0,500.0,500.0,500.0,500.0,500.0,500.0,500.0,500.0,500.0,500.0,500.0,500.0,,
Mexico,MEX,"Community health workers (per 1,000 people)",SH.MED.CMHW.P3,,,,,,,,,,,,,,,,,,,,,,,,,,,,,,,,,,,,,,,,,,,,,,,,,,,,,,,,,,,,,,,
Mexico,MEX,Domestic general government health expenditure (% of GDP),SH.XPD.GHED.GD.ZS,,,,,,,,,,,,,,,,,,,,,,,,,,,,,,,,,,,,,,,,,2.01177883,2.10927391,2.16505718,2.4137032,2.58744621,2.46497631,2.4219811,2.52675962,2.61655498,2.86067677,2.8809936,2.91415977,3.00721955,3.12253189,2.89231014,2.98734331,2.84779787,2.75801349,2.6718502,2.67891455,,,
Mexico,MEX,"Hospital beds (per 1,000 people)",SH.MED.BEDS.ZS,,,,,,,,,,,,,,,,,,,,,0.699999988079071,,,,,,,,,,1.0,1.1000000238,1.2000000477,1.2000000477,1.2000000477,1.2000000477,1.2000000477,1.1000000238,1.1000000238,1.1000000238,1.05,1.08,1.09,1.06,1.07,1.05,1.02,1.06,1.03,1.02,1.05,1.04,1.03,1.03,1.03,1.0,1.0,0.99,0.98,,,,
Mexico,MEX,"Immunization, HepB3 (% of one-year-old children)",SH.IMM.HEPB,,,,,,,,,,,,,,,,,,,,,,,,,,,,,,,,,,,,,,,,,97.0,97.0,97.0,98.0,98.0,98.0,98.0,98.0,97.0,95.0,93.0,98.0,99.0,82.0,84.0,82.0,93.0,58.0,55.0,56.0,,,
Mexico,MEX,"Immunization, measles (% of children ages 12-23 months)",SH.IMM.MEAS,,,,,,,,,,,,,,,,,,,,,35.0,33.0,37.0,23.0,21.0,64.0,60.0,54.0,70.0,85.0,75.0,89.0,88.0,79.0,90.0,90.0,93.0,91.0,96.0,94.0,96.0,95.0,96.0,96.0,96.0,96.0,96.0,96.0,96.0,96.0,95.0,98.0,99.0,89.0,97.0,97.0,96.0,76.0,97.0,73.0,,,
Mexico,MEX,"Immunization, measles second dose (% of children by the nationally recommended age)",SH.IMM.MEA2,,,,,,,,,,,,,,,,,,,,,,,,,,,,,,,,,,,,,,,,,98.0,99.0,89.0,96.0,97.0,97.0,91.0,85.0,94.0,92.0,91.0,97.0,92.0,76.0,95.0,96.0,98.0,62.0,99.0,73.0,,,
Mexico,MEX,Number of people spending more than 25% of household consumption or income on out-of-pocket health care expenditure,SH.UHC.OOPC.25.TO,,,,,,,,,,,,,,,,,,,,,,,,,,,,,,,,,,,,,,,,,,,,,,,,,,,,,,,,,,,,,,,
Mexico,MEX,"Nurses and midwives (per 1,000 people)",SH.MED.NUMW.P3,,,,,,,,,,,,,,,,,,,,,,,,,,,,,,,,,,,,,,,,,3.1277,2.2265,2.2229,2.137,2.1126,2.2053,2.2215,2.2832,2.3066,2.3624,2.4118,2.5093,2.5488,2.8044,2.6798,2.4177,2.5103,2.5078,3.149,2.3646,,,
Mexico,MEX,"Physicians (per 1,000 people)",SH.MED.PHYS.ZS,,,,,,,,,,,,,,,,,,,,,,,,,,,,,,,1.0,1.1,1.3,1.4,1.5,1.6,1.6,1.4,1.2,1.7,3.253,3.0322,3.0535,3.1577,3.3062,3.5303,3.762,3.843,3.8988,3.9581,3.9972,4.2008,4.2236,4.311,4.4526,4.6493,4.6488,4.7654,4.8496,,,,
Mexico,MEX,Prevalence of anemia among non-pregnant women (% of women ages 15-49),SH.ANM.NPRG.ZS,,,,,,,,,,,,,,,,,,,,,,,,,,,,,,,,,,,,,,,,,23.2,22.3,21.5,20.8,20.2,19.5,18.9,18.2,17.6,17.0,16.5,16.0,15.6,15.3,15.1,14.9,14.8,14.8,14.9,15.1,,,
Mexico,MEX,Prevalence of anemia among pregnant women (%),SH.PRG.ANEM,,,,,,,,,,,,,,,,,,,,,,,,,,,,,,,,,,,,,,,,,27.6,27.0,26.5,26.1,25.6,25.0,24.5,24.0,23.4,22.8,22.3,21.9,21.4,21.1,20.8,20.6,20.4,20.3,20.2,20.2,,,
Mexico,MEX,Prevalence of overweight (% of adults),SH.STA.OWAD.ZS,,,,,,,,,,,,,,,,37.3,38.1,39.0,39.8,40.6,41.4,42.2,43.0,43.7,44.5,45.3,46.0,46.8,47.5,48.2,49.0,49.7,50.5,51.2,51.9,52.6,53.3,53.9,54.6,55.2,55.9,56.5,57.1,57.7,58.3,58.9,59.5,60.1,60.6,61.2,61.7,62.3,62.8,63.3,63.9,64.4,64.9,,,,,,
Niger,NER,Adults (ages 15+) living with HIV,SH.DYN.AIDS,,,,,,,,,,,,,,,,,,,,,,,,,,,,,,,5600.0,7500.0,9900.0,13000.0,16000.0,19000.0,23000.0,26000.0,29000.0,32000.0,35000.0,36000.0,37000.0,38000.0,38000.0,37000.0,36000.0,35000.0,34000.0,32000.0,32000.0,31000.0,30000.0,30000.0,30000.0,29000.0,29000.0,29000.0,28000.0,28000.0,28000.0,,
Niger,NER,Adults (ages 15-49) newly infected with HIV,SH.HIV.INCD,,,,,,,,,,,,,,,,,,,,,,,,,,,,,,,1600.0,2000.0,2500.0,3000.0,3400.0,3700.0,4100.0,4200.0,4100.0,4200.0,4000.0,3600.0,3100.0,2800.0,2500.0,2100.0,1800.0,1300.0,1200.0,1100.0,1000.0,1000.0,1000.0,1000.0,1000.0,1000.0,1000.0,1000.0,1000.0,1000.0,1000.0,,
Niger,NER,Capital health expenditure (% of GDP),SH.XPD.KHEX.GD.ZS,,,,,,,,,,,,,,,,,,,,,,,,,,,,,,,,,,,,,,,,,,,,,,,,,,,,0.10135602,0.02793168,0.13788985,0.72487974,0.39964715,0.28526735,0.24175876,0.34318963,0.53103089,,,
Niger,NER,"Cause of death, by non-communicable diseases (% of total)",SH.DTH.NCOM.ZS,,,,,,,,,,,,,,,,,,,,,,,,,,,,,,,,,,,,,,,,,16.5713719708882,,,,,,,,,,23.4406588654639,,,,,27.6083491304185,,,,30.3541425963808,,,
Niger,NER,Children (0-14) living with HIV,SH.HIV.0014,,,,,,,,,,,,,,,,,,,,,,,,,,,,,,,500.0,650.0,870.0,1100.0,1400.0,1800.0,2200.0,2600.0,3000.0,3500.0,3900.0,4300.0,4700.0,5000.0,5300.0,5500.0,5600.0,5700.0,5700.0,5600.0,5200.0,4900.0,4700.0,4500.0,4200.0,4000.0,3700.0,3500.0,3400.0,3300.0,3200.0,,
Niger,NER,Children (ages 0-14) newly infected with HIV,SH.HIV.INCD.14,,,,,,,,,,,,,,,,,,,,,,,,,,,,,,,500.0,500.0,500.0,580.0,700.0,820.0,950.0,1100.0,1100.0,1200.0,1300.0,1300.0,1300.0,1300.0,1200.0,1200.0,1100.0,1000.0,900.0,790.0,500.0,500.0,500.0,500.0,500.0,500.0,500.0,500.0,500.0,500.0,500.0,,
Niger,NER,"Community health workers (per 1,000 people)",SH.MED.CMHW.P3,,,,,,,,,,,,,,,,,,,,,,,,,,,,,,,,,,,,,,,,,,,,,,,,,,,,,,,,,,,,,,,
Niger,NER,Domestic general government health expenditure (% of GDP),SH.XPD.GHED.GD.ZS,,,,,,,,,,,,,,,,,,,,,,,,,,,,,,,,,,,,,,,,,1.1299994,1.14577365,1.20736766,1.07094729,1.18101335,1.92017889,2.05841351,1.50168777,1.55048287,1.53777564,1.31193805,1.27229667,1.03993475,1.34044743,1.27712488,1.11163175,1.10086405,1.88447475,1.76169312,2.02315378,,,
Niger,NER,"Hospital beds (per 1,000 people)",SH.MED.BEDS.ZS,0.409490883350372,,,,,,,,,,0.494700014591217,,,,,0.495299994945526,,,,,,,,,,,,0.543900012969971,,,,,,,0.194600001,0.1199999973,0.1199999973,0.1800000072,0.1199999973,,,,,,,0.3,,,,,0.35,,,,,0.31,,0.39,,,,,
Niger,NER,"Immunization, HepB3 (% of one-year-old children)",SH.IMM.HEPB,,,,,,,,,,,,,,,,,,,,,,,,,,,,,,,,,,,,,,,,,,,,,,,,,,71.0,70.0,75.0,71.0,73.0,81.0,84.0,80.0,85.0,79.0,81.0,,,
Niger,NER,"Immunization, measles (% of children ages 12-23 months)",SH.IMM.MEAS,,,,,,,,,,,,,,,,,,,,,,19.0,18.0,16.0,22.0,27.0,27.0,27.0,24.0,14.0,25.0,28.0,21.0,19.0,19.0,40.0,38.0,35.0,35.0,35.0,37.0,39.0,41.0,43.0,45.0,47.0,53.0,60.0,66.0,69.0,67.0,69.0,75.0,80.0,80.0,85.0,76.0,82.0,77.0,79.0,,,
Niger,NER,"Immunization, measles second dose (% of children by the nationally recommended age)",SH.IMM.MEA2,,,,,,,,,,,,,,,,,,,,,,,,,,,,,,,,,,,,,,,,,,,,,,,,,,,,,,,3.0,16.0,31.0,46.0,48.0,58.0,,,
Niger,NER,Number of people spending more than 25% of household consumption or income on out-of-pocket health care expenditure,SH.UHC.OOPC.25.TO,,,,,,,,,,,,,,,,,,,,,,,,,,,,,,,,,,,,,,,,,,,,,,,,,,,,,,,,,,,,,,,
Niger,NER,"Nurses and midwives (per 1,000 people)",SH.MED.NUMW.P3,,,,,,,,,,,,,,,,,,,,,,,,,,,,,,,,,,,,,,,,,,,,,0.2147,,,,0.1387,0.2039,,,,0.2229,0.3066,0.2038,0.2695,,0.2234,,,,
Niger,NER,"Physicians (per 1,000 people)",SH.MED.PHYS.ZS,0.011,,,,,0.016,,,,,0.017,,,,,0.016,,,,,,,,,0.025,,,,,,0.018,,0.027,,0.023,,0.024,0.035,0.033,,,,0.033,,0.0226,,,,0.0189,0.0277,,,0.0535,0.0511,0.0272,0.0472,0.0433,,,,,,
Niger,NER,Prevalence of anemia among non-pregnant women (% of women ages 15-49),SH.ANM.NPRG.ZS,,,,,,,,,,,,,,,,,,,,,,,,,,,,,,,,,,,,,,,,,50.7,50.3,49.8,49.4,49.0,48.7,48.4,48.3,48.1,47.9,47.7,47.7,47.9,48.0,48.1,48.3,48.4,48.5,48.6,48.6,,,
Niger,NER,Prevalence of anemia among pregnant women (%),SH.PRG.ANEM,,,,,,,,,,,,,,,,,,,,,,,,,,,,,,,,,,,,,,,,,57.6,57.6,57.5,57.4,57.2,57.1,57.0,56.8,56.7,56.5,56.3,56.1,56.0,55.9,55.7,55.6,55.5,55.3,55.1,54.9,,,
Niger,NER,Prevalence of overweight (% of adults),SH.STA.OWAD.ZS,,,,,,,,,,,,,,,,7.6,7.8,8.1,8.3,8.6,8.8,9.1,9.4,9.7,9.9,10.2,10.5,10.8,11.1,11.4,11.7,12.1,12.4,12.7,13.0,13.3,13.6,14.0,14.3,14.6,15.0,15.4,15.7,16.1,16.5,16.9,17.3,17.7,18.2,18.6,19.1,19.5,20.0,20.5,21.0,21.5,22.0,,,,,,
Philippines,PHL,Adults (ages 15+) living with HIV,SH.DYN.AIDS,,,,,,,,,,,,,,,,,,,,,,,,,,,,,,,100.0,100.0,200.0,200.0,500.0,500.0,500.0,500.0,590.0,750.0,970.0,1300.0,1700.0,2200.0,2900.0,3900.0,5100.0,6700.0,8700.0,12000.0,17000.0,21000.0,27000.0,34000.0,42000.0,51000.0,61000.0,72000.0,85000.0,99000.0,110000.0,,
Philippines,PHL,Adults (ages 15-49) newly infected with HIV,SH.HIV.INCD,,,,,,,,,,,,,,,,,,,,,,,,,,,,,,,100.0,100.0,100.0,100.0,100.0,100.0,100.0,200.0,200.0,200.0,500.0,500.0,500.0,1000.0,1000.0,1000.0,1300.0,1700.0,2200.0,3600.0,4900.0,5000.0,5800.0,7100.0,8500.0,9700.0,10000.0,12000.0,14000.0,15000.0,16000.0,,
Philippines,PHL,Capital health expenditure (% of GDP),SH.XPD.KHEX.GD.ZS,,,,,,,,,,,,,,,,,,,,,,,,,,,,,,,,,,,,,,,,,0.01322223,0.01224779,0.01782989,0.01547328,0.01325238,0.01289191,0.00554869,0.01991765,0.01875289,0.05443504,0.05863167,0.08022762,0.08223967,0.0936761,0.32034129,0.45595592,0.48667639,0.5098325,0.69262439,0.58343136,,,
Philippines,PHL,"Cause of death, by non-communicable diseases (% of total)",SH.DTH.NCOM.ZS,,,,,,,,,,,,,,,,,,,,,,,,,,,,,,,,,,,,,,,,,55.1808796351004,,,,,,,,,,64.0094112000817,,,,,67.2160919773446,,,,69.7491443602475,,,
Philippines,PHL,Children (0-14) living with HIV,SH.HIV.0014,,,,,,,,,,,,,,,,,,,,,,,,,,,,,,,100.0,100.0,100.0,100.0,100.0,100.0,100.0,100.0,100.0,100.0,100.0,100.0,100.0,100.0,100.0,100.0,100.0,100.0,100.0,100.0,100.0,200.0,200.0,200.0,500.0,500.0,500.0,500.0,500.0,510.0,590.0,,
Philippines,PHL,Children (ages 0-14) newly infected with HIV,SH.HIV.INCD.14,,,,,,,,,,,,,,,,,,,,,,,,,,,,,,,100.0,100.0,100.0,100.0,100.0,100.0,100.0,100.0,100.0,100.0,100.0,100.0,100.0,100.0,100.0,100.0,100.0,100.0,100.0,100.0,100.0,100.0,100.0,100.0,100.0,100.0,100.0,200.0,200.0,200.0,200.0,,
Philippines,PHL,"Community health workers (per 1,000 people)",SH.MED.CMHW.P3,,,,,,,,,,,,,,,,,,,,,,,,,,,,,,,,,,,,,,,,,,,,,,,,,,,,,,,,,,,,,,,
Philippines,PHL,Domestic general government health expenditure (% of GDP),SH.XPD.GHED.GD.ZS,,,,,,,,,,,,,,,,,,,,,,,,,,,,,,,,,,,,,,,,,1.35642099,1.15623629,0.97705805,1.11422086,1.08843338,1.23873734,1.21229088,1.1753732,1.16428411,1.2764082,1.31791437,1.06190205,1.09802592,1.12044704,1.26327133,1.46860576,1.47373426,1.48271859,1.53632784,1.65507495,,,
Philippines,PHL,"Hospital beds (per 1,000 people)",SH.MED.BEDS.ZS,0.838957667350769,,,,,,,,,,1.18980002403259,,,,,1.70949995517731,1.70940005779266,,,,1.708899974823,,1.71350002288818,1.7146999835968,1.71529996395111,1.75569999217987,1.71420001983643,,,,1.3918999434,1.2745000124,1.3701000214,1.0710999966,,,,,,,,1.0,0.5,,,,1.07,1.05,1.04,1.06,1.06,1.07,1.05,0.99,0.99,,,,,,,,
Philippines,PHL,"Immunization, HepB3 (% of one-year-old children)",SH.IMM.HEPB,,,,,,,,,,,,,,,,,,,,,,,,,,,,,,,,,,,,38.0,35.0,31.0,30.0,32.0,7.0,45.0,42.0,52.0,48.0,49.0,77.0,87.0,88.0,85.0,77.0,87.0,88.0,89.0,67.0,60.0,86.0,72.0,65.0,65.0,,,
Philippines,PHL,"Immunization, measles (% of children ages 12-23 months)",SH.IMM.MEAS,,,,,,,,,,,,,,,,,,,,,,,9.0,27.0,44.0,49.0,51.0,67.0,77.0,83.0,85.0,83.0,81.0,78.0,75.0,72.0,76.0,79.0,80.0,80.0,78.0,81.0,82.0,87.0,92.0,92.0,92.0,92.0,92.0,88.0,80.0,87.0,87.0,87.0,79.0,82.0,80.0,73.0,67.0,67.0,,,
Philippines,PHL,"Immunization, measles second dose (% of children by the nationally recommended age)",SH.IMM.MEA2,,,,,,,,,,,,,,,,,,,,,,,,,,,,,,,,,,,,,,,,,,,,,,,,,,19.0,10.0,33.0,35.0,45.0,47.0,51.0,47.0,46.0,40.0,40.0,,,
Philippines,PHL,Number of people spending more than 25% of household consumption or income on out-of-pocket health care expenditure,SH.UHC.OOPC.25.TO,,,,,,,,,,,,,,,,,,,,,,,,,,,,,,,,,,,,,,,,,,,,,,,,,,,,,,,,,,,,,,,
Philippines,PHL,"Nurses and midwives (per 1,000 people)",SH.MED.NUMW.P3,,,,,,,,,,,,,,,,,,,,,,,,,,,,,,,,,,,,,,,,,4.3165,4.2981,4.2675,4.2366,4.2386,4.2752,4.4048,4.6536,5.1221,5.647,,,,,,,,5.2744,4.9351,5.4439,,,
Philippines,PHL,"Physicians (per 1,000 people)",SH.MED.PHYS.ZS,0.146,,,,,,,,,,0.111,,,,,0.113,,,,,0.128,0.15,,,0.154,0.154,,,,0.124,0.119,,0.108,,,,1.23,1.24,,,1.2185,1.2201,1.1107,1.2256,1.108,1.2289,1.2361,1.2441,1.2558,1.2632,1.2717,,,,,,,0.6004,,,,,
Philippines,PHL,Prevalence of anemia among non-pregnant women (% of women ages 15-49),SH.ANM.NPRG.ZS,,,,,,,,,,,,,,,,,,,,,,,,,,,,,,,,,,,,,,,,,23.6,23.0,22.4,21.9,21.4,20.9,20.5,19.8,19.0,18.3,17.5,16.7,15.8,14.9,14.2,13.7,13.1,12.6,12.1,11.6,,,
Philippines,PHL,Prevalence of anemia among pregnant women (%),SH.PRG.ANEM,,,,,,,,,,,,,,,,,,,,,,,,,,,,,,,,,,,,,,,,,42.3,41.8,41.4,41.1,40.7,40.2,39.9,39.2,38.3,37.5,36.5,35.3,33.9,32.3,31.1,29.9,28.9,27.7,26.6,25.5,,,
Philippines,PHL,Prevalence of overweight (% of adults),SH.STA.OWAD.ZS,,,,,,,,,,,,,,,,8.8,9.1,9.4,9.7,10.0,10.3,10.6,11.0,11.4,11.8,12.3,12.8,13.3,13.8,14.4,15.0,15.5,16.0,16.5,17.0,17.4,17.9,18.3,18.8,19.2,19.6,20.1,20.5,21.0,21.4,21.9,22.3,22.8,23.3,23.8,24.3,24.8,25.3,25.9,26.4,27.0,27.6,,,,,,
United States,USA,Adults (ages 15+) living with HIV,SH.DYN.AIDS,,,,,,,,,,,,,,,,,,,,,,,,,,,,,,,,,,,,,,,,,,,,,,,,,,,960000.0,980000.0,1000000.0,1000000.0,1100000.0,1100000.0,1100000.0,1100000.0,1200000.0,1200000.0,,,
United States,USA,Adults (ages 15-49) newly infected with HIV,SH.HIV.INCD,,,,,,,,,,,,,,,,,,,,,,,,,,,,,,,,,,,,,,,,,,,,,,,,,,,34000.0,33000.0,33000.0,31000.0,32000.0,32000.0,32000.0,31000.0,30000.0,29000.0,,,
United States,USA,Capital health expenditure (% of GDP),SH.XPD.KHEX.GD.ZS,,,,,,,,,,,,,,,,,,,,,,,,,,,,,,,,,,,,,,,,,0.58696866,0.5809043,0.6349166,0.64330578,0.64150196,0.65363973,0.66477114,0.717116,0.76118088,0.70491374,0.68704522,0.7024169,0.70865661,0.69361621,0.64768839,0.64494258,0.63860589,0.67145181,0.66255105,0.67703497,,,
United States,USA,"Cause of death, by non-communicable diseases (% of total)",SH.DTH.NCOM.ZS,,,,,,,,,,,,,,,,,,,,,,,,,,,,,,,,,,,,,,,,,87.8724532736615,,,,,,,,,,88.1043193118658,,,,,88.042831442106,,,,88.1449804799197,,,
United States,USA,Children (0-14) living with HIV,SH.HIV.0014,,,,,,,,,,,,,,,,,,,,,,,,,,,,,,,,,,,,,,,,,,,,,,,,,,,,,,,,,,,,,,,
United States,USA,Children (ages 0-14) newly infected with HIV,SH.HIV.INCD.14,,,,,,,,,,,,,,,,,,,,,,,,,,,,,,,,,,,,,,,,,,,,,,,,,,,,,,,,,,,,,,,
United States,USA,"Community health workers (per 1,000 people)",SH.MED.CMHW.P3,,,,,,,,,,,,,,,,,,,,,,,,,,,,,,,,,,,,,,,,,,,,,,,,,,,,,,,,,,,,,,,
United States,USA,Domestic general government health expenditure (% of GDP),SH.XPD.GHED.GD.ZS,,,,,,,,,,,,,,,,,,,,,,,,,,,,,,,,,,,,,,,,,5.54226208,5.96840286,6.3218236,6.52211809,6.61016417,6.62940884,6.80890989,6.9233551,7.25172758,7.87523222,7.94476509,7.92789316,7.90049934,7.94619036,8.23888111,8.45250511,8.55732727,8.51218987,8.47234249,8.52492332,,,
United States,USA,"Hospital beds (per 1,000 people)",SH.MED.BEDS.ZS,9.19999980926514,,,,,8.80000019073486,,,,,7.90000009536743,7.5,7.40000009536743,7.19999980926514,7.09999990463257,6.80000019073486,6.59999990463257,6.40000009536743,6.19999980926514,6.09999990463257,6.0,5.90000009536743,5.90000009536743,5.80000019073486,5.69999980926514,5.5,5.40000009536743,5.19999980926514,5.09999990463257,5.0,4.9000000954,4.8000001907,4.5999999046,4.5,4.3000001907,4.0999999046,3.9000000954,3.7999999523,3.7000000477,3.5999999046,3.49,3.47,3.39,3.33,3.26,3.2,3.18,3.14,3.13,3.08,3.05,2.97,2.93,2.89,2.83,2.8,2.77,2.87,,,,,
United States,USA,"Immunization, HepB3 (% of one-year-old children)",SH.IMM.HEPB,,,,,,,,,,,,,,,,,,,,,,,,,,,,,,,,,,16.0,42.0,68.0,82.0,84.0,87.0,88.0,90.0,89.0,88.0,92.0,92.0,93.0,93.0,93.0,94.0,92.0,92.0,91.0,90.0,91.0,92.0,92.0,93.0,93.0,91.0,91.0,,,
United States,USA,"Immunization, measles (% of children ages 12-23 months)",SH.IMM.MEAS,,,,,,,,,,,,,,,,,,,,,86.0,97.0,97.0,98.0,98.0,97.0,97.0,82.0,98.0,94.0,90.0,87.0,83.0,84.0,89.0,88.0,91.0,91.0,92.0,92.0,91.0,91.0,91.0,93.0,93.0,92.0,92.0,92.0,92.0,90.0,92.0,92.0,91.0,92.0,92.0,92.0,92.0,92.0,92.0,90.0,,,
United States,USA,"Immunization, measles second dose (% of children by the nationally recommended age)",SH.IMM.MEA2,,,,,,,,,,,,,,,,,,,,,,,,,,,,,,,,,,,,,,,,,85.0,86.0,86.0,86.0,86.0,86.0,86.0,86.0,87.0,88.0,89.0,90.0,91.0,91.0,92.0,93.0,94.0,94.0,94.0,95.0,,,
United States,USA,Number of people spending more than 25% of household consumption or income on out-of-pocket health care expenditure,SH.UHC.OOPC.25.TO,,,,,,,,,,,,,,,,,,,,,,,,,,,,,,,,,,,,,,,,,,,,,,,,,,,,,,,,,,,,,,,
United States,USA,"Nurses and midwives (per 1,000 people)",SH.MED.NUMW.P3,,,,,,,,,,,,,,,,,,,,,,,,,,,,,,,,,,,,8.94,,,,,9.4673,,,,,9.9177,,,,,12.5927,,,,,,,14.5812,15.685,,,,
United States,USA,"Physicians (per 1,000 people)",SH.MED.PHYS.ZS,1.1,,,,,1.2,,,,,1.2,,,,,1.3,1.3,1.3,1.4,1.4,1.5,1.5,1.6,1.6,,,1.7,1.8,1.8,1.8,1.8,1.9,1.9,1.9,,2.4385,,,,,2.5942,,,,2.7147,,,,,,,,,,,,,,2.6036,,,,
United States,USA,Prevalence of anemia among non-pregnant women (% of women ages 15-49),SH.ANM.NPRG.ZS,,,,,,,,,,,,,,,,,,,,,,,,,,,,,,,,,,,,,,,,,7.8,7.7,7.7,7.8,7.9,8.1,8.4,8.6,8.9,9.2,9.4,9.8,10.0,10.3,10.5,10.7,11.0,11.2,11.5,11.8,,,
United States,USA,Prevalence of anemia among pregnant women (%),SH.PRG.ANEM,,,,,,,,,,,,,,,,,,,,,,,,,,,,,,,,,,,,,,,,,9.4,9.2,9.1,9.1,9.1,9.2,9.3,9.5,9.6,9.8,10.0,10.2,10.4,10.5,10.7,10.8,11.0,11.1,11.3,11.5,,,
United States,USA,Prevalence of overweight (% of adults),SH.STA.OWAD.ZS,,,,,,,,,,,,,,,,41.0,41.6,42.2,42.8,43.4,44.0,44.7,45.3,46.0,46.7,47.4,48.1,48.8,49.5,50.2,50.9,51.7,52.4,53.2,54.0,54.8,55.6,56.3,57.1,57.9,58.6,59.3,60.0,60.7,61.3,61.9,62.5,63.1,63.7,64.2,64.8,65.3,65.8,66.4,66.9,67.4,67.9,,,,,,
